title,review_count,id
[徵人]旅伴京都賞楓11/8-11/13,0,['M.1552801437.A.AD1.html']
(本文已被刪除)[boeing416],0,[]
[問題]沖繩自駕租車問題,3,['M.1552803739.A.222.html']
[問題]東京5天4夜自由行（新手初次安排）,4,['M.1552804767.A.C17.html']
[問題]沖繩6日遊,0,['M.1552804826.A.06D.html']
[問題]航班獲得政府核准方可飛行,3,['M.1552805414.A.DCA.html']
[問題]JR河口湖駅到富士動物園,1,['M.1552805772.A.A96.html']
[問題]9月東京8天7夜新手自由行請益,8,['M.1552806855.A.929.html']
[問題]關於JR發行的大宮鐵道博物館新幹線套票,2,['M.1552807474.A.00C.html']
[問題]沖繩7天6夜行程請益,4,['M.1552807827.A.8EB.html']
[住宿]九州福岡住宿mizukaDaimyo1設計旅店,0,['M.1552810834.A.517.html']
[食記]博多運河城拉麵競技場-元祖番茄拉麵三味,0,['M.1552811159.A.A28.html']
<acid14>(讓售數量超過byS),1,[]
[徵人]4/5東京迪士尼海洋,0,['M.1552812731.A.DBD.html']
[問題]箱根關所旅物語館的和服體驗,0,['M.1552813837.A.E40.html']
[食記]東京燒鳥雛雞那一夜，我們醉在大久保,0,['M.1552814789.A.DE2.html']
Fw:[遊記][花花世界旅行趣]冬末四國巡禮I,0,['M.1552814823.A.78E.html']
[食記]東京吉祥寺吃沾麵！えん寺つけ麵,0,['M.1552815745.A.B6D.html']
[遊記]有樂町博多物產店．東京也可以吃到努努雞,0,['M.1552815807.A.26C.html']
[讓售]日本關西廣域周遊券(5日)JRWestPass,0,['M.1552816199.A.ED0.html']
[公告]日本旅遊板板規107.06,60,['M.1528480874.A.9E2.html']
[公告]108.03實況回報(含天氣/物候/穿著詢問),99,['M.1551876754.A.4DF.html']
[資訊]亞洲航空BIGSALE大促銷3/1000:00,38,['M.1552102313.A.B68.html']
[資訊]台虎大阪航線來回促銷3/14-3/18,47,['M.1552474136.A.983.html']
[資訊]樂桃7週年促銷第2彈(台灣發、日本發),16,['M.1552368367.A.835.html']
[讓售]東京地鐵72小時票券4張,2,['M.1552783162.A.072.html']
(本文已被刪除)[alanshieh],0,[]
[讓售]東京24hr一日卷20190331到期,0,['M.1552787746.A.E4E.html']
[資訊]長榮4/3起新增福岡班機(午晚去晚回),10,['M.1552788324.A.1D7.html']
[問題]環球影城快速通關可以提早進場嗎?,6,['M.1552788466.A.D9D.html']
[住宿]東京犬吠-迎接本州第一道曙光-曉雞館,1,['M.1552788651.A.CA1.html']
Re:[資訊]Agoda先訂後付款(會多收5%費用),6,['M.1552791099.A.0DB.html']
[遊記]新手組團14大2小的北九州,19,['M.1552791579.A.86D.html']
[食記]福岡釣船茶屋|室內船上邊吃邊釣|一魚三吃,0,['M.1552793462.A.F01.html']
[徵人]黃金週看棒球音樂祭看芝櫻飯友,0,['M.1552793489.A.827.html']
[問題]大阪、京都四天三日遊,4,['M.1552794954.A.A31.html']
[讓售]神戶六甲山旅遊套票RokkosanTouristPa,0,['M.1552797007.A.E03.html']
[讓售]SUNQPASS北部九州3日券1張,0,['M.1552798070.A.956.html']
[讓售]24hr地鐵券,0,['M.1552799481.A.05D.html']
[住宿]秋葉原MyStays御茶之水附近很多美食,0,['M.1552800083.A.B43.html']
[徵人]4/3-8熊本附近旅伴,0,['M.1552800193.A.921.html']
[住宿]大塚-帶給你生活感的設計旅店-星野OMO5,0,['M.1552800210.A.370.html']
[贈送]甜甜圈兌換券,3,['M.1552800663.A.39A.html']
[食記]長崎島原-元祖具雜煮姬松屋,0,['M.1552801083.A.8AD.html']
[資訊]日本泡麵可以帶進來台灣(限乾燥肉類),13,['M.1552801317.A.8D4.html']
