"TITLE","REVIEW","ID"
"[遊記]親子跨年沖繩樂桃機票、OTS租車費用","0","['M.1551620293.A.576.html']"
"[遊記]沖繩kkday租車心得","9","['M.1551542497.A.CF1.html']"
"[遊記]沖繩-豬肉蛋飯糰那霸機場店苦瓜天麩羅","0","['M.1551355181.A.EBF.html']"
"[遊記]沖繩特色伴手禮介紹","6","['M.1551195496.A.DA8.html']"
"[遊記]沖繩Birthday嬰幼用品名護店親子購物","0","['M.1551183474.A.D57.html']"
"[遊記]沖繩自助．Orix租車分享～親子車型推薦","5","['M.1551159835.A.444.html']"
"[遊記]沖繩沖繩樂遊美麗海套票景點套票分享","0","['M.1551013572.A.78B.html']"
"[遊記]沖繩景點沖繩世界文化王國、玉泉洞","0","['M.1550841055.A.CD7.html']"
"[遊記]沖繩美麗海水族館、海洋博公園海豚秀","1","['M.1550841280.A.C9F.html']"
"[遊記]沖繩親子遊:親愛的，我把首里城變好玩了","4","['M.1550805925.A.57F.html']"
"[遊記]沖繩親子景點沖繩自然動植物公園","0","['M.1550755691.A.F50.html']"
"[遊記]沖繩LCC航廈初體驗(也是唯一一次體驗了)","12","['M.1550740498.A.53C.html']"
"[遊記]沖繩名護鳳梨公園親子、雨天旅遊推薦","3","['M.1550669036.A.0A3.html']"
"[遊記]沖繩春節四日吃喝血拼小旅行心得前言","2","['M.1550344765.A.85B.html']"
"[遊記]沖繩國際通購物札幌藥妝2019上半購物清單分享","1","['M.1550050233.A.479.html']"
"[遊記]沖繩自駕自撞車禍分享","79","['M.1550046461.A.0B8.html']"
"[遊記][奇遇]沖繩浜之家和田芋的恩怨","7","['M.1549624999.A.442.html']"
"[遊記]和歌山、沖繩．mont-bell購物記錄","2","['M.1549628737.A.E2C.html']"
"[遊記]聖誕沖繩搭車遊（下集南部）","1","['M.1549382805.A.709.html']"
"[遊記]沖繩-日航櫻花貴賓室沖繩那霸國內航廈","1","['M.1549297349.A.3BD.html']"
"[遊記]沖繩自由行一個人旅行/六天五夜行程分享","3","['M.1549040171.A.21E.html']"
"[遊記]沖繩-日航頭等貴賓室那霸機場國內線","0","['M.1548937859.A.4B9.html']"
"[遊記]沖繩浮島通的二手挖寶天堂","1","['M.1548839665.A.BD0.html']"
"[遊記]沖繩-那霸機場美食特產回轉壽司海來","2","['M.1548845606.A.620.html']"
"[遊記]沖繩不自駕四天三夜-帶爸爸出遊","18","['M.1548695869.A.B8F.html']"
"[遊記]沖繩-石垣島機場美食牛排燒肉丼","0","['M.1548325620.A.893.html']"
"[遊記]被沖繩8+9挑釁經歷","24","['M.1547965767.A.FA1.html']"
"[遊記]聖誕節沖繩搭車遊（上集，中北部）","1","['M.1547819550.A.622.html']"
"[遊記]沖繩KKday南部一日遊行程/一個人旅行","6","['M.1547730935.A.747.html']"
"[遊記]行程-日航JGP保級修行三天飛四趟沖繩","0","['M.1547559335.A.EAD.html']"
"[遊記]沖繩KKday中北部一日遊行程/一個人旅行","4","['M.1547475466.A.F48.html']"
"[遊記]沖繩水族館燒肉乃我那霸美國村","2","['M.1547430558.A.1A6.html']"
"[遊記]沖繩Ashibinaa國際通傑克牛排","6","['M.1547006436.A.3A0.html']"
"[遊記]再會安室、沖繩AMUROJET搭乘+渋谷衣裝展","3","['M.1546501125.A.213.html']"
"[遊記]沖繩浮島通/藝術地圖","1","['M.1546270825.A.FF0.html']"
"[遊記]沖繩租車分享-DHRentalcar","6","['M.1546102932.A.E37.html']"
"[遊記]沖繩北部巴士一日遊","6","['M.1546066877.A.B9E.html']"
"[遊記]✈2018沖繩自由行│景點重點心得分享","14","['M.1546014030.A.0FC.html']"
"[遊記]沖繩租車經驗分享","54","['M.1545795030.A.06D.html']"
"[遊記]✈沖繩自由行-ORIX租車經驗x初次自駕心得","6","['M.1545646563.A.427.html']"
"[遊記]去沖繩離島伊江島浮潛出海捕魚騎馬農作","0","['M.1545556536.A.ADB.html']"
"[遊記]沖繩秘境離島伊江島單車景點攻略住民家","2","['M.1545389083.A.91A.html']"
"[遊記]沖繩伊江島美食攻略&城山登頂美景","0","['M.1545389471.A.59D.html']"
"[遊記]沖繩自由行5天4夜|冬日遊~行程","0","['M.1545321370.A.7FC.html']"
"[遊記]國外旅遊分享(五)日本沖繩--麗星郵輪之旅","4","['M.1545236147.A.BE5.html']"
"[遊記]✈2018沖繩五天四夜自由行","1","['M.1545144609.A.EDD.html']"
"[遊記]沖繩傑克牛排、瀨長島、那霸OUTLET","0","['M.1545063566.A.CA3.html']"
"[遊記]沖繩TimesCar那霸久米店租還車分享","4","['M.1544535720.A.770.html']"
"[遊記]沖繩さんご畑陸地上的珊瑚礁園區","6","['M.1544512321.A.D3C.html']"
"[遊記]沖繩家族旅遊&海外婚禮","2","['M.1544181792.A.8FE.html']"
"[遊記]沖繩自駕八天七夜總行程，南到北玩透透","5","['M.1544197186.A.27D.html']"
"[遊記]推薦沖繩Apple租車","1","['M.1544112325.A.A3A.html']"
"[遊記]沖繩-泊港魚市場、美國村","0","['M.1544091151.A.3F2.html']"
"[遊記]沖繩｜南部【糸滿魚市場】筆記甜蝦生干貝","0","['M.1544007186.A.CF9.html']"
"[遊記]搭巴士遊沖繩美麗海水族館","1","['M.1543246596.A.1B3.html']"
"[遊記]沖繩初訪day6","1","['M.1542958398.A.9B9.html']"
"[遊記]沖繩初訪day5","1","['M.1542897265.A.BBC.html']"
"[遊記]初訪沖繩day4","0","['M.1542805312.A.76A.html']"
"[遊記]初訪沖繩day3(上)","0","['M.1542700124.A.373.html']"
"[遊記]11月中沖繩流水帳簡記","3","['M.1542620022.A.4B2.html']"
"[遊記]高雄↔沖繩樂桃去虎航回心得分享","2","['M.1542631712.A.41A.html']"
"[遊記]初訪沖繩day2","0","['M.1542633396.A.454.html']"
"[遊記]初訪沖繩","11","['M.1542587267.A.84E.html']"
"[遊記]沖繩腳踏車遊記-動態縮時影片","7","['M.1542163777.A.B5F.html']"
"[遊記]沖繩-那霸機場JALSakuraAnnex貴賓室","0","['M.1541826004.A.2FC.html']"
"[遊記]沖繩人氣早午餐C&CBREAKFAST舒芙蕾","0","['M.1541762605.A.CAB.html']"
"[遊記]沖繩那霸國際通~逛街購物商店","0","['M.1541601945.A.562.html']"
"[遊記]2018沖繩親子遊|旅遊不便險[國泰/新安]","0","['M.1541512115.A.F8C.html']"
"[遊記]沖繩親子自駕四天三夜心得","7","['M.1541217013.A.735.html']"
"[遊記]沖繩那霸單軌電車怎麼搭？易懂教學懶人包","6","['M.1541175051.A.8E6.html']"
"[遊記]沖繩｜古宇利島經典景點。蝦蝦飯/LLOTA","3","['M.1541073596.A.DED.html']"
"[遊記]沖繩6天5夜自由行行程分享","0","['M.1541049323.A.A94.html']"
"[遊記]沖繩親子旅遊/飯店分享（條列式）","11","['M.1540969601.A.B41.html']"
"[遊記]沖繩北谷町日落沙灘～美國村逛街購物攻略","0","['M.1540810204.A.FB5.html']"
"[遊記]10大3小沖繩家族旅遊生存記","2","['M.1540738670.A.32A.html']"
"[遊記]沖繩青洞浮潛Gigi海洋俱樂部","0","['M.1540568362.A.F89.html']"
"[遊記]沖繩水納島一日往返紀錄","0","['M.1540398818.A.67C.html']"
"[遊記]沖繩兒童王國|在動物園過聖誕節~淡季玩沖繩","0","['M.1540369060.A.C16.html']"
"[遊記]2018沖繩不一定必去景點(上)","56","['M.1540135063.A.3ED.html']"
"[遊記]沖繩｜頌海。五天四夜自駕+單軌總行程表","0","['M.1540090859.A.B8B.html']"
"[遊記]33年來首次出國初體驗-騎車沖繩","15","['M.1540032050.A.D22.html']"
"[遊記]沖繩精簡遊記下","1","['M.1540043404.A.EA0.html']"
"[遊記]沖繩遊精簡心得上","5","['M.1539776805.A.034.html']"
"[遊記]沖繩四天三夜搭公車電車自由行","5","['M.1539620960.A.218.html']"
"[遊記]沖繩旅遊租車買彩券","0","['M.1539515957.A.994.html']"
"[遊記]沖繩：奧武島暗藏美味天婦羅的貓咪之島","2","['M.1539269419.A.12A.html']"
"[遊記]沖繩景點|琉球村。當地傳統文化，招福獅","0","['M.1539250575.A.9DB.html']"
"[遊記]沖繩親子公園行條列式心得","10","['M.1538496210.A.AAD.html']"
"[遊記]沖繩UPPAMABEACH:遠眺古宇利的秘密海灘","1","['M.1538395964.A.C23.html']"
"[遊記]沖繩中部aeonmall永旺夢樂城兒童遊戲區","1","['M.1538077289.A.C96.html']"
"[遊記]沖繩9/21-24不自駕心得","8","['M.1538021411.A.631.html']"
"[遊記]沖繩購物逛街NahaMainPlace購物中心","5","['M.1537966337.A.1F4.html']"
"[遊記]2018夏末沖繩家族三人自由行","0","['M.1537240296.A.537.html']"
"[遊記]沖繩Vlog","0","['M.1537109612.A.C01.html']"
"[遊記]沖繩的深夜食堂遇見蘇格拉底","14","['M.1536765864.A.B03.html']"
"[遊記]沖繩線路巴士周遊券3DAY使用心得","2","['M.1536752358.A.C46.html']"
"[遊記]沖繩長濱海灘:北部超美純淨細白海域","3","['M.1536580872.A.F9A.html']"
"[遊記]沖繩單軌五日遊(含abestcube&御朱印心得)","8","['M.1536490474.A.E22.html']"
"[遊記]沖繩：瀨長島沖繩小希臘重點攻略","5","['M.1536412555.A.4CE.html']"
"[遊記]沖繩八日實際上只有六日遊","19","['M.1536290403.A.A72.html']"
"[遊記]公主號郵輪&沖繩雜感","40","['M.1536205372.A.D20.html']"
"[遊記]一人遊沖繩（那霸市+八重瀨町）","3","['M.1535737270.A.074.html']"
"[遊記]搭利木津巴士可到的沖繩度假飯店總整理","0","['M.1535713244.A.FE3.html']"
"[遊記]有愛無礙-煎爸煎媽坐輪椅遊沖繩篇","99","['M.1535628671.A.3A2.html']"
"[遊記]2018沖繩自駕行美麗海水族館、海豚劇場","0","['M.1535278296.A.B3A.html']"
"[遊記]沖繩4天3夜8大2小不自駕","3","['M.1535214605.A.5B7.html']"
"[遊記]沖繩瀨底島海灘:一路向北，蔚藍寧靜海灘","0","['M.1534853192.A.DD3.html']"
"[遊記]沖繩自駕行DAY2ORION啤酒工廠見學","0","['M.1534250251.A.BAD.html']"
"[遊記]沖繩單軌電車路線圖+購票教學+景點","0","['M.1533996134.A.3FF.html']"
"[遊記]2018沖繩自駕行~美呆了的古宇利大橋~","0","['M.1533747649.A.E37.html']"
"[遊記]沖繩租借汽機車＆搭船至座間味島分享","2","['M.1533762862.A.CE4.html']"
"[遊記]沖繩自由行6天5夜行程分享","2","['M.1533025980.A.538.html']"
"[遊記]撞到颱風天的沖繩8天7夜遊","11","['M.1532965036.A.41E.html']"
"[遊記]讓沖繩無感的我想再去「渡嘉敷島一日遊」","0","['M.1532661340.A.A9A.html']"
"[遊記]2018.1.13~21-札幌&沖繩家庭號-沖繩篇","0","['M.1532519236.A.CAC.html']"
"[遊記]親子遊沖繩，9座海灘沙質細膩度分享","9","['M.1532485573.A.C72.html']"
"[遊記]推沖繩PinkMermaid浮潛","6","['M.1532357775.A.5FB.html']"
"[遊記]日本沖繩4天3夜自由行","7","['M.1532138313.A.A55.html']"
"[遊記]反推沖繩Pinkmermaid潛水","2","['M.1532150665.A.7C3.html']"
"[遊記]沖繩租車Orix5-7人座近美榮橋站經驗分享","6","['M.1532090942.A.237.html']"
"[遊記]沖繩四日小旅行行程規劃＆參考資料","6","['M.1531516619.A.EA2.html']"
"[遊記]沖繩自由行親子租車六天五夜行程規劃","6","['M.1531487603.A.F9E.html']"
"[遊記]12項迷人設施，超推薦的沖繩海洋博公園","0","['M.1531059212.A.CA7.html']"
"[遊記]不會自駕也沒關係！搭巴士可到沖繩萬座毛","0","['M.1530876472.A.55A.html']"
"[遊記]推薦沖繩Apple租車","1","['M.1530860144.A.A5C.html']"
"[遊記]沖繩奧武山公園+沖宮～超長溜滑梯","0","['M.1530803717.A.0C9.html']"
"[遊記]怕熱怕曬來沖繩就到美麗海水族館吹冷氣XD","1","['M.1530783363.A.125.html']"
"[遊記]到沖繩神之島古宇利島玩果凍般透明海水","0","['M.1530693123.A.63C.html']"
"[遊記]搭遊園車逛沖繩名護鳳梨園，免費試吃試飲","4","['M.1530608768.A.0A1.html']"
"[遊記]沖繩TRC租車經驗(個人不推)","2","['M.1530623429.A.F12.html']"
"[遊記]沖繩美麗海水族館鯨鯊/DINO恐龍公園","1","['M.1530545456.A.5AD.html']"
"[遊記]不會自駕玩沖繩：KKDAY中北部一日遊行程","2","['M.1530516915.A.8FA.html']"
"[遊記]沖繩四天三夜早去早回快閃行程","3","['M.1530326811.A.C27.html']"
"[遊記]不會自駕玩沖繩：KKDAY南城市半日遊行程","1","['M.1530272811.A.15F.html']"
"[遊記]沖繩五天四夜親子自駕遊文長超詳細整理","0","['M.1529590586.A.FC3.html']"
"[遊記]盛世公主號郵輪沖繩石垣5天4夜心得","99","['M.1529521075.A.3CF.html']"
"[遊記]沖繩住宿HotelMr.Kinjo東町紫羅蘭公寓","0","['M.1529542133.A.9FD.html']"
"[遊記]沖繩：波上宮懸崖上的絕美神社","3","['M.1529418314.A.C51.html']"
"[遊記]沖繩租車報警與事後處理","12","['M.1529334207.A.5A9.html']"
"[遊記]2018.1.13~21-札幌&沖繩家庭號-札幌篇","1","['M.1529156354.A.1F4.html']"
"[遊記]沖繩筏釣Vlog","8","['M.1528995342.A.F04.html']"
"[遊記]沖繩世界文化王國‧玉泉洞交通美食攻略","0","['M.1528815242.A.CEC.html']"
"[遊記]沖繩無人島浮潛月亮海灘酒店專屬超越青洞","0","['M.1528806428.A.9A4.html']"
"[遊記]帶小小孩沖繩出遊準備","11","['M.1528712444.A.906.html']"
"[遊記]沖繩8天7夜/3.5人小家庭簡單分享","4","['M.1528645699.A.63D.html']"
"[遊記]日本沖繩美麗海水族館壯觀黑潮之海!","0","['M.1528035311.A.61E.html']"
"[遊記]沖繩五天四夜家族自助旅遊","2","['M.1528005416.A.99B.html']"
"[遊記]日本沖繩ASHIBINAAOUTLET不太好逛","17","['M.1527694477.A.A1E.html']"
"[遊記]日本沖繩古宇利大橋","1","['M.1527081593.A.ADB.html']"
"[遊記]沖繩首里城玉陵古石疊道世界遺產之旅","0","['M.1527001586.A.08E.html']"
"[遊記]沖繩Rizzan+Orion+OTS簡易心得","6","['M.1526958352.A.7B9.html']"
"[遊記]沖繩國頭村比地大瀑布+邊戶岬+國頭休息站","5","['M.1526481123.A.742.html']"
"[遊記]沖繩富士租車-還車免加油","1","['M.1526524250.A.ABD.html']"
"[遊記]【沖繩山原】造訪鬼太郎之家","0","['M.1526528031.A.25B.html']"
"[遊記]沖繩海洋博公園內夕陽廣場遊具區","1","['M.1526480074.A.DF5.html']"
"[遊記]沖繩。5天4夜親子行．戰利品分享","7","['M.1526456299.A.7D7.html']"
"[遊記]【沖繩】國頭休息站・最靠北的道之驛","0","['M.1526354644.A.359.html']"
"[遊記]沖繩-第44回那霸龍舟祭","3","['M.1526363475.A.7D1.html']"
"[遊記]沖繩購物ASHIBINAAoutlet。地圖/交通/","0","['M.1526377910.A.A62.html']"
"[遊記]沖繩不開車自由行腳踏車旅行南沖繩","4","['M.1526252621.A.609.html']"
"[遊記]親子遊沖繩美麗海水族館行程安排建議","6","['M.1525877682.A.8E2.html']"
"[遊記]沖繩黑糖觀光工廠、普天滿宮鐘乳石洞神社","0","['M.1525792933.A.10F.html']"
"[遊記]沖繩玉泉洞-藍色夢幻的活生生鐘乳石","2","['M.1525528805.A.154.html']"
"[遊記]沖繩來沖縄美ら海水族館看鯨鯊CP！","1","['M.1525272114.A.FCF.html']"
"[遊記]沖繩景點萬座毛象鼻岩！搭配無敵海景","1","['M.1525155605.A.B4A.html']"
"[遊記]沖繩景點海中公園展望塔+玻璃底遊艇","0","['M.1525155783.A.913.html']"
"[遊記]沖繩充實的午後單車散步","0","['M.1525075779.A.8CD.html']"
"[遊記]沖繩-402公里機車遊記","9","['M.1524995725.A.443.html']"
"[遊記]沖繩租車｜LTR租車流程與車禍處理","2","['M.1524909950.A.CB0.html']"
"[遊記]沖繩畢旅｜下篇｜海、貓、古堡、拖曳傘","3","['M.1524826187.A.68A.html']"
"[遊記]沖繩畢旅｜上篇｜那霸、青之洞窟與夕陽","2","['M.1524750265.A.B82.html']"
"[遊記]樂桃MM933沖繩高雄首航初體驗","8","['M.1524736560.A.491.html']"
"[遊記]沖繩嘉比島:無人島浮潛、划獨木舟看海龜","1","['M.1524747637.A.033.html']"
"[遊記]爸爸去哪兒之一打二沖繩親子自駕遊","27","['M.1524364190.A.971.html']"
"[遊記]沖繩畢業旅行｜八天七夜行程整理","3","['M.1524218247.A.7D2.html']"
"[遊記]沖繩五天四夜親子自駕遊行程花費懶人包","1","['M.1524141664.A.559.html']"
"[遊記]沖繩親子rizza，sky租車條列式心得","16","['M.1524147267.A.DC3.html']"
"[遊記]20180413沖繩五日遊","2","['M.1524105664.A.34E.html']"
"[遊記]沖繩美ら海水族館-來美麗海水族館看鯨鯊","0","['M.1524055987.A.B82.html']"
"[遊記]日本沖繩名護自然動植物公園","0","['M.1524065375.A.30E.html']"
"[遊記]日本沖繩琉宮城蝴蝶園水族館旁","0","['M.1524065497.A.0C2.html']"
"[遊記]沖繩六天四夜自駕行(第四天)","0","['M.1523878237.A.8A5.html']"
"[遊記]沖繩六天四夜自駕行(第五、六天)","0","['M.1523878746.A.F47.html']"
"[遊記]沖繩六天四夜自駕行(第一天)","0","['M.1523798065.A.4B3.html']"
"[遊記]沖繩六天四夜自駕行(第二天)","0","['M.1523798449.A.E83.html']"
"[遊記]沖繩六天四夜自駕行(第三天)","0","['M.1523799063.A.099.html']"
"[遊記]沖繩兩大一小雜記","4","['M.1523750462.A.B96.html']"
"[遊記]沖繩親子超友善住宿，Vessel坎帕納酒店","0","['M.1523496826.A.B51.html']"
"[遊記]沖繩ASHIBINAAOUTLET血拼購物好地方","0","['M.1523450288.A.D35.html']"
"[遊記]沖繩美麗海水族館|大鯨鯊/魟魚/門票表演","4","['M.1523417248.A.9A9.html']"
"[遊記]沖繩親子遊okinawababytrip","0","['M.1523285789.A.2B2.html']"
"[遊記]麗星郵輪-雙子星號沖繩宮古島5天","2","['M.1523177537.A.7DE.html']"
"[遊記]美不勝收的沖繩美景part2","0","['M.1522750068.A.EC1.html']"
"[遊記]沖繩5天4夜一個人自助之旅","21","['M.1521895621.A.2E3.html']"
"[遊記]沖繩古宇利沙灘大橋無敵海景超好拍","0","['M.1521723038.A.B7C.html']"
"[遊記]沖繩租車|那霸機場租車經驗ORIX","1","['M.1521644960.A.6C4.html']"
"[遊記]沖繩美麗海水族館戰利品分享","17","['M.1521532340.A.3F9.html']"
"[遊記]來沖繩採草莓囉，志良堂いちご草莓吃到飽","0","['M.1521277614.A.2FD.html']"
"[遊記]一個人四天三夜的沖繩(晚去早回)","16","['M.1521261687.A.694.html']"
"[遊記]沖繩\"收穫滿滿\"水波爐搬運記","7","['M.1521200832.A.E5A.html']"
"[遊記]沖繩美麗海水族館","0","['M.1521026821.A.DDE.html']"
"[遊記]在沖繩自駕發生車禍的處理經驗分享","12","['M.1520865429.A.363.html']"
"[遊記]美不勝收的沖繩美景part1","4","['M.1520511923.A.108.html']"
"[遊記]沖繩古宇利島濱海絕美Villa_MuKaKa","0","['M.1520347730.A.FA1.html']"
"[遊記]沖繩麗池卡爾登下午茶","0","['M.1520347889.A.ED4.html']"
"[遊記]宿★沖繩那霸JR九州Blossom","0","['M.1520349291.A.72E.html']"
"[遊記]歌詩達新浪漫號5天4夜沖繩宮古島","8","['M.1519923101.A.ED2.html']"
"[遊記]沖繩美麗海水族館超大水族箱、海豚秀","0","['M.1519908647.A.380.html']"
"[遊記]沖繩賴底海灘淨透海水療癒身心靈","0","['M.1519465326.A.F4F.html']"
"[遊記]沖繩過年七天六夜不自駕行程分享","2","['M.1519400968.A.6C7.html']"
"[遊記]沖繩萬座毛象鼻岩熱門打卡景點","4","['M.1519304012.A.93C.html']"
"[遊記]經驗不足分享高雄虎航飛沖繩租ORIX","9","['M.1519287396.A.CCE.html']"
"[遊記]沖繩五大兩小租車分享","1","['M.1519145334.A.850.html']"
"[遊記]沖繩家庭旅遊+春訓奇遇記","14","['M.1519056474.A.483.html']"
"[遊記]2018沖繩日職春訓之旅","27","['M.1518959007.A.5D3.html']"
"[遊記]沖繩冬天賞櫻放空路線預算","2","['M.1518766989.A.77C.html']"
"[遊記]【沖繩賞櫻】漫湖那霸美櫻祭","1","['M.1518439297.A.A9D.html']"
"[遊記]沖繩8天7夜熱血機車汽車自駕環島懶人包","8","['M.1518358212.A.C75.html']"
"[遊記]沖繩自駕親子遊-日文譯本＆OTS預約租車","1","['M.1518159851.A.F7E.html']"
"[遊記]沖繩自駕親子遊-OTS取車、還車、自駕經驗","5","['M.1518160087.A.BB2.html']"
"[遊記]沖繩行帶小孩桃機過夜＆哺乳室心得分享","13","['M.1518059935.A.EDB.html']"
"[遊記]12月的沖繩遊記VLOG","2","['M.1517973277.A.DA0.html']"
"[遊記]沖繩自駕車禍事故處理經驗分享(不會日文)","9","['M.1517922562.A.EA6.html']"